{
    "files": [],
    "intel": [],
    "robots": [
        "https://vk.com/audio?performer=1&q=",
        "https://vk.com/stats?gid=",
        "https://vk.com/page-2158488_44000074$",
        "https://vk.com/call?id=",
        "https://vk.com/feed?section=stayhome$",
        "https://vk.com/im?",
        "https://vk.com/apps?act=search_page&tags=",
        "https://vk.com/write-",
        "https://vk.com/feed?section=coronavirus$",
        "https://vk.com/page-777107_28406709$",
        "https://vk.com/429.html",
        "https://vk.com/narrative-",
        "https://vk.com/gifts",
        "https://vk.com/page-",
        "https://vk.com/page-2158488_44596199$",
        "https://vk.com/feed$",
        "https://vk.com/feed?section=search&q=",
        "https://vk.com/page-2158488_50129817$",
        "https://vk.com/widget_auth.php",
        "https://vk.com/games?act=search_page&tags=",
        "https://vk.com/groups?id=",
        "https://vk.com/page-59800369_45472411$",
        "https://vk.com/pages?oid=-",
        "https://vk.com/ua_mailing",
        "https://vk.com/feed?section=stayhome",
        "https://vk.com/away.php"
    ],
    "custom": [],
    "failed": [],
    "internal": [
        "https://vk.com/stats?gid=",
        "https://vk.com/terms",
        "https://vk.com/page-2158488_44000074$",
        "https://vk.com/feed?section=stayhome$",
        "https://vk.com/biz?utm_source=vk_inside&utm_medium=authorization",
        "https://vk.com/apps",
        "https://vk.com/support?act=home",
        "https://vk.com/apps?act=search_page&tags=",
        "https://vk.com/write-",
        "https://vk.com/page-777107_28406709$",
        "https://vk.com/narrative-",
        "https://vk.com/audio",
        "https://vk.com/gifts",
        "https://vk.com/badbrowser.php?source=old_browser_alert",
        "https://vk.com/page-",
        "https://vk.com/apps?act=profile",
        "https://vk.com/\\http:\\/\\/vk.com\\/vkgames\\",
        "https://vk.com/feed?section=search&q=",
        "https://vk.com/restore",
        "https://vk.com/away.php?to=https%3A%2F%2Fwww.google.com%2Fchrome&amp;badbrowser=chrome",
        "https://vk.com/products",
        "https://vk.com/widget_auth.php",
        "https://vk.com/away.php?to=https%3A%2F%2Fwww.opera.com&amp;badbrowser=opera",
        "https://vk.com",
        "https://vk.com/apps?act=apps",
        "https://vk.com/apps?act=profile&ref=left_menu",
        "https://vk.com/groups?id=",
        "https://vk.com/page-59800369_45472411$",
        "https://vk.com/apps?act=downloaded_games",
        "https://vk.com/groups/recommendations",
        "https://vk.com/ua_mailing",
        "https://vk.com/feed?section=stayhome",
        "https://vk.com/",
        "https://vk.com/\\http:\\/\\/vk.com\\/settings?act=payments\\",
        "https://vk.com/audio?performer=1&q=",
        "https://vk.com/call?id=",
        "https://vk.com/away.php?to=https%3A%2F%2Fwww.mozilla.org&amp;badbrowser=firefox",
        "https://vk.com/apps?act=my_games_cloud",
        "https://vk.com/im?",
        "https://vk.com/apps?act=search_page",
        "https://vk.com/feed?section=coronavirus$",
        "https://vk.com/\\",
        "https://vk.com/429.html",
        "https://vk.com/services",
        "https://vk.com/about",
        "https://vk.com/away.php?to=https%3A%2F%2F1l-go.mail.ru%2Fr%2Fadid%2F3245029_2013344%2Fpid%2F102819%2Fpof%2F1%2Ff%2F3%2F%3F_1larg_sub%3D505022%26utm_source%3Dvk%26utm_medium%3Dbanner%26utm_campaign%3DExpVKGameLine_all_all_all_standart%26utm_content%3Datom%26rfr%3D505022&badbrowser=atom&badbrowser_meta=_badbrowser_alert",
        "https://vk.com/join",
        "https://vk.com/page-2158488_44596199$",
        "https://vk.com/feed$",
        "https://vk.com/jobs",
        "https://vk.com/page-2158488_50129817$",
        "https://vk.com/games?act=search_page&tags=",
        "https://vk.com/settings?act=payments&getvotes=1",
        "https://vk.com/apps?act=catalog",
        "https://vk.com/pages?oid=-",
        "https://vk.com/video",
        "https://vk.com/away.php"
    ],
    "scripts": [],
    "external": [
        "https://play.google.com/store/apps/details?id=com.vkontakte.android",
        "https://m.vk.com/support?question_id=13562",
        "https://m.vk.com",
        "https://itunes.apple.com/app/id564177498",
        "https://dev.vk.com",
        "https://id.vk.com/promo"
    ],
    "fuzzable": [
        "https://vk.com/\\http:\\/\\/vk.com\\/settings?act=payments\\",
        "https://vk.com/audio?performer=1&q=",
        "https://vk.com/stats?gid=",
        "https://vk.com/call?id=",
        "https://vk.com/away.php?to=https%3A%2F%2Fwww.mozilla.org&amp;badbrowser=firefox",
        "https://vk.com/feed?section=stayhome$",
        "https://vk.com/apps?act=my_games_cloud",
        "https://vk.com/biz?utm_source=vk_inside&utm_medium=authorization",
        "https://vk.com/support?act=home",
        "https://vk.com/apps?act=search_page&tags=",
        "https://vk.com/apps?act=search_page",
        "https://vk.com/feed?section=coronavirus$",
        "https://vk.com/badbrowser.php?source=old_browser_alert",
        "https://vk.com/away.php?to=https%3A%2F%2F1l-go.mail.ru%2Fr%2Fadid%2F3245029_2013344%2Fpid%2F102819%2Fpof%2F1%2Ff%2F3%2F%3F_1larg_sub%3D505022%26utm_source%3Dvk%26utm_medium%3Dbanner%26utm_campaign%3DExpVKGameLine_all_all_all_standart%26utm_content%3Datom%26rfr%3D505022&badbrowser=atom&badbrowser_meta=_badbrowser_alert",
        "https://vk.com/apps?act=profile",
        "https://vk.com/feed?section=search&q=",
        "https://vk.com/away.php?to=https%3A%2F%2Fwww.google.com%2Fchrome&amp;badbrowser=chrome",
        "https://vk.com/away.php?to=https%3A%2F%2Fwww.opera.com&amp;badbrowser=opera",
        "https://vk.com/apps?act=apps",
        "https://vk.com/games?act=search_page&tags=",
        "https://vk.com/settings?act=payments&getvotes=1",
        "https://vk.com/apps?act=profile&ref=left_menu",
        "https://vk.com/groups?id=",
        "https://vk.com/apps?act=catalog",
        "https://vk.com/apps?act=downloaded_games",
        "https://vk.com/pages?oid=-",
        "https://vk.com/feed?section=stayhome"
    ],
    "endpoints": [],
    "keys": []
}